Country Name,Country Code,2001,2002,2003,2004,2005,2006,2007,2008,2009,2010,2011,2012,2013,2014
Aruba,ABW,1920262570,1941094972,2021301676,2228279330,2331005587,2421474860,2623726257,2791960894,2498932961,2467703911,2584463687,,,
Afghanistan,AFG,2461665938,4128820723,4583644246,5285465686,6275073572,7057598407,9843842455,10190529882,12486943506,15936800636,17930239400,20536542737,20264253974,20616104298
Angola,AGO,8936063723,12497347956,14188949398,19640853734,28233712738,41789479932,60448924662,84178035579,75492385928,82526143645,1.04116E+11,1.13923E+11,1.24913E+11,1.2673E+11
Albania,ALB,4060758804,4435078648,5746945913,7314865176,8158548717,8992642349,10701011897,12881352688,12044212904,11926953259,12890867539,12319784787,12776277515,13228244357
Andorra,AND,1496912752,1733116883,2398645598,2935659300,3255789081,3543256806,4016972351,4007353157,3660530703,3355695364,3442062830,3164615187,3281585236,3350736367
Arab World,ARB,7.23283E+11,7.29052E+11,8.23111E+11,9.63862E+11,1.18466E+12,1.40411E+12,1.63757E+12,2.07812E+12,1.79582E+12,2.10955E+12,2.5013E+12,2.78614E+12,2.86604E+12,2.90692E+12
United Arab Emirates,ARE,1.03312E+11,1.09816E+11,1.24346E+11,1.47824E+11,1.80617E+11,2.22117E+11,2.57916E+11,3.15475E+11,2.53547E+11,2.89787E+11,3.50666E+11,3.74591E+11,3.90108E+11,4.03137E+11
Argentina,ARG,2.68697E+11,97724004252,1.27587E+11,1.64658E+11,1.98737E+11,2.32557E+11,2.87531E+11,3.61558E+11,3.32976E+11,4.23627E+11,5.30163E+11,5.45982E+11,5.52025E+11,5.2632E+11
Armenia,ARM,2118467913,2376335048,2807061009,3576615240,4900469950,6384451606,9206301700,11662040714,8647936748,9260284938,10142111334,10619320049,11121465767,11609512940
American Samoa,ASM,,514000000,527000000,512000000,503000000,496000000,520000000,563000000,678000000,576000000,574000000,644000000,641000000,643000000
Antigua and Barbuda,ATG,800740259.3,814615333.3,855643111.1,919577148.1,1022191296,1157005444,1311401333,1368431037,1224253000,1152469074,1142042926,1211411704,1192925407,1280133333
Australia,AUS,3.78215E+11,3.94487E+11,4.66295E+11,6.11904E+11,6.92642E+11,7.45522E+11,8.51963E+11,1.05258E+12,9.26448E+11,1.14426E+12,1.39428E+12,1.54341E+12,1.5737E+12,1.46496E+12
Austria,AUT,1.97338E+11,2.13378E+11,2.61696E+11,3.00904E+11,3.15974E+11,3.35999E+11,3.88691E+11,4.30294E+11,4.00172E+11,3.91893E+11,4.3112E+11,4.09425E+11,4.30069E+11,4.41885E+11
Azerbaijan,AZE,5707720391,6235795104,7276013032,8680472169,13245716099,20982986344,33050343783,48852482960,44291490421,52902703376,65951627200,69683935845,74164435946,75244294275
Burundi,BDI,876794723.1,825394490.2,784654423.6,915257323.4,1117257279,1273180597,1356078278,1611634332,1739781489,2026864469,2355652126,2472384907,2714505635,3093647227
Belgium,BEL,2.37842E+11,2.5886E+11,3.19003E+11,3.70885E+11,3.87366E+11,4.09813E+11,4.71821E+11,5.18626E+11,4.84553E+11,4.83548E+11,5.27008E+11,4.97884E+11,5.20925E+11,5.30771E+11
Benin,BEN,2680213931,3054571082,3905366188,4521424807,4803702821,5142380779,5969535132,7132787397,7097198712,6970240895,7814081156,8152554487,9157355680,9707432016
Burkina Faso,BFA,2812845514,3205592290,4205691222,4838551100,5462709498,5816310158,6771277871,8369637065,8369175126,8979966766,10724063458,11166063467,11947176342,12377391463
Bangladesh,BGD,53991289844,54724081491,60158929188,65108544250,69442943089,71819083684,79611888213,91631278239,1.02478E+11,1.15279E+11,1.28638E+11,1.33356E+11,1.4999E+11,1.72885E+11
Bulgaria,BGR,14075616789,16276456428,20982685981,25957970922,29636617750,34130122491,44411476557,54409138498,51884481410,50610058210,57418414504,53903022339,55758754072,56731990232
Bahrain,BHR,8976207713,9632155053,11074822074,13150166755,15968726862,18505053191,21730000000,25710877660,22938218085,25713271277,28776595745,30749308511,32539547872,33387712766
"Bahamas, The",BHS,8317830000,8881160000,8870090000,9055290000,9836200000,10167250000,10618340000,10526000000,9981960000,10095760000,10070450000,10720500000,10627600000,10957300000
Bosnia and Herzegovina,BIH,5748990666,6651226179,8370020196,10022840635,11225138297,12866524918,15776422673,19112739664,17613836210,17176781337,18644723861,17226849297,18178503835,18558343508
Belarus,BLR,12354820144,14594249023,17827791321,23144351852,30207567317,36954312354,45277399814,60763483146,49209523810,57222490769,61757788945,65685102555,75527984234,78813839984
Belize,BLZ,871860600,932551850,990374050,1057845500,1114222550,1217467600,1290573400,1368625150,1336957250,1397113450,1487005600,1573670250,1612573850,1703951050
Bermuda,BMU,3680483000,3937228000,4186525000,4484703000,4868136000,5414299000,5895048000,6109928000,5806378000,5744414000,5550771000,5537537000,5573710000,
Bolivia,BOL,8141537938,7905485077,8082364868,8773451739,9549077869,11451869165,13120183157,16674324634,17339992165,19649631308,23963033444,27084497540,30659338929,32996187988
Brazil,BRA,5.59372E+11,5.07962E+11,5.5832E+11,6.69317E+11,8.9163E+11,1.10764E+12,1.39708E+12,1.69582E+12,1.66702E+12,2.20887E+12,2.6162E+12,2.46519E+12,2.47281E+12,2.45599E+12
Barbados,BRB,3116650000,3169600000,3274850000,3514350000,3897300000,4246600000,4523750000,4607300000,4434050000,4461650000,4660900000,4656350000,4612500000,4608350000
Brunei Darussalam,BRN,5601090584,5843329108,6557333085,7872333215,9531402848,11470703002,12247694247,14393099069,10732366286,13707370737,18525319978,19048495519,18093829923,17098342541
Bhutan,BTN,476360697.2,537050133.7,622026107.8,702682019,818869145.1,897731524.9,1196091805,1258332337,1264758198,1585472534,1820207626,1823692110,1798333726,1944782821
Botswana,BWA,5489608300,5438857107,7511582173,8957467707,9931134941,10126940513,10939053365,10945070442,10267133178,12786654366,15682926896,14686278707,14915780539,16250774267
Central African Republic,CAF,931833302.8,991387870.1,1139754799,1270080251,1337362392,1460561215,1697565949,1985240986,1981732634,1986015906,2195599557,2169706564,1518565298,1702899386
Canada,CAN,7.3638E+11,7.57951E+11,8.92381E+11,1.0232E+12,1.16936E+12,1.31542E+12,1.46498E+12,1.54913E+12,1.37115E+12,1.61346E+12,1.78865E+12,1.82429E+12,1.84263E+12,1.79927E+12
Central Europe and the Baltics,CEB,4.68375E+11,5.27432E+11,6.34788E+11,7.62873E+11,8.8629E+11,1.00244E+12,1.26588E+12,1.52958E+12,1.28622E+12,1.3127E+12,1.44607E+12,1.35151E+12,1.42265E+12,1.4639E+12
Switzerland,CHE,2.78631E+11,3.01417E+11,3.52915E+11,3.94164E+11,4.08689E+11,4.30921E+11,4.79913E+11,5.54363E+11,5.41507E+11,5.83783E+11,6.9958E+11,6.68044E+11,6.88504E+11,7.09183E+11
Channel Islands,CHI,6232906290,6663669065,7332244898,8553643354,8827272727,9676172953,11514605842,,,,,,,
Chile,CHL,70979923960,69736811435,75643459840,99210392858,1.22965E+11,1.54788E+11,1.73606E+11,1.79638E+11,1.72389E+11,2.18538E+11,2.52252E+11,2.67122E+11,2.78384E+11,2.60584E+11
China,CHN,1.3394E+12,1.47055E+12,1.66029E+12,1.95535E+12,2.28597E+12,2.75213E+12,3.55218E+12,4.59821E+12,5.10995E+12,6.10062E+12,7.57255E+12,8.56055E+12,9.60722E+12,1.04824E+13
Cote d'Ivoire,CIV,11192560827,12346919216,15306602560,16554441847,17084928927,17800887796,20343635320,24224903100,24277493862,24884505035,25381616734,27040562587,31273049200,35372603446
Cameroon,CMR,10371327756,11579343088,14548845765,17430933517,17944084201,19356046328,22365265026,26409781215,26017925552,26143818510,29337006833,29104437355,32348149947,34942948737
"Congo, Dem. Rep.",COD,7438189100,8728038525,8937567060,10297483481,11964484668,14451902468,16737071816,19788515874,18648373312,21565722425,25839749199,29306223081,32671683662,35917650630
"Congo, Rep.",COG,2794259783,3019993739,3495868808,4648628921,6087003176,7731261311,8394688284,11859013281,9593537551,12007880439,14425607180,13677930124,14085851348,14177437982
Colombia,COL,98203546156,97933391976,94684584163,1.17075E+11,1.46566E+11,1.6259E+11,2.07416E+11,2.43982E+11,2.33822E+11,2.87018E+11,3.35415E+11,3.6966E+11,3.80192E+11,3.78196E+11
Comoros,COM,220093812.2,246737679.5,317562269.4,368143118.7,380372892.6,406111873.5,462453582.9,523134897,524157261,530493353.2,586281766.8,570865941.2,618663921.9,647720707.1
Cabo Verde,CPV,563024383.3,620974660.2,813963830.2,924318490.8,971977088.2,1107891063,1513933983,1789333749,1711817182,1664310770,1864824081,1751888562,1850951315,1858121723
Costa Rica,CRI,15913363335,16504795453,17195867540,18529767934,19952156475,22600431878,26743874206,30612932876,30562361123,37268635287,42262697840,46473128286,49745088112,50577769838
Caribbean small states,CSS,35068207714,36872616587,39421593800,43139861259,48786092030,54618160956,60670805980,68875542818,58049437076,63131259584,68378335170,70576655404,71378769877,72525038828
Cuba,CUB,31682400000,33590500000,35901200000,38203000000,42643836075,52742800000,58603900000,60806300000,62080000000,64328000000,68990000000,73141000000,77148000000,80656100000
Curacao,CUW,,,,,,,,,,,,,,
Cayman Islands,CYM,,,,,,3207032513,,,,,,,,
Cyprus,CYP,10567304189,11618269231,14576896942,17422375000,18703146375,20403713461,24077470572,27839460964,25942622951,25562251656,27427161523,25041372222,24084572491,23359294149
Czech Republic,CZE,67523642262,81910771994,99627140274,1.19162E+11,1.36281E+11,1.55464E+11,1.89227E+11,2.35719E+11,2.0618E+11,2.07478E+11,2.27948E+11,2.07376E+11,2.09402E+11,2.07818E+11
Germany,DEU,1.95065E+12,2.07914E+12,2.50573E+12,2.81925E+12,2.86141E+12,3.00245E+12,3.43995E+12,3.75237E+12,3.41801E+12,3.41709E+12,3.7577E+12,3.54398E+12,3.75251E+12,3.89061E+12
Djibouti,DJI,572417440.8,591122039.6,622044665.5,666072101.8,708633194.7,768873684,847918929.1,999105339.3,1049110685,1128611700,1239144502,1353632942,1324733712,1455035089
Dominica,DMA,343119370.4,337695740.7,350091222.2,374771481.5,370370370.4,390370370.4,421375851.9,458190185.2,489074333.3,493824407.4,501025296.3,485998000,501979259.3,523666333.3
Denmark,DNK,1.64791E+11,1.78635E+11,2.18096E+11,2.51373E+11,2.64467E+11,2.82885E+11,3.19423E+11,3.53361E+11,3.21241E+11,3.21995E+11,3.44003E+11,3.27149E+11,3.43584E+11,3.52994E+11
Dominican Republic,DOM,25599311449,27362875603,21642882856,22692574473,36119047252,38116351526,44169678153,48288967303,48376555306,53982886258,57811180659,60657780261,62661773592,66065015410
Algeria,DZA,54744714396,56760288974,67863829880,85324998814,1.03198E+11,1.17027E+11,1.34977E+11,1.71001E+11,1.37211E+11,1.61207E+11,2.00019E+11,2.09059E+11,2.09755E+11,2.1381E+11
East Asia & Pacific (excluding high income),EAP,1.84614E+12,2.04327E+12,2.31273E+12,2.68211E+12,3.10707E+12,3.74227E+12,4.73274E+12,5.99157E+12,6.49898E+12,7.88245E+12,9.63587E+12,1.07497E+13,1.18647E+13,1.27575E+13
Early-demographic dividend,EAR,3.25575E+12,3.1612E+12,3.5155E+12,4.08395E+12,4.75986E+12,5.4483E+12,6.46716E+12,7.29018E+12,7.01331E+12,8.51864E+12,9.57239E+12,1.00332E+13,1.02009E+13,1.05519E+13
East Asia & Pacific,EAS,7.70192E+12,7.82433E+12,8.60171E+12,9.64625E+12,1.0293E+13,1.09163E+13,1.22095E+13,1.4102E+13,1.45312E+13,1.69433E+13,1.96479E+13,2.10314E+13,2.12752E+13,2.19142E+13
Europe & Central Asia (excluding high income),ECA,6.93714E+11,7.93468E+11,1.00276E+12,1.32589E+12,1.68086E+12,2.06371E+12,2.67161E+12,3.30727E+12,2.59773E+12,3.09528E+12,3.82865E+12,4.05455E+12,4.31146E+12,4.02178E+12
Europe & Central Asia,ECS,1.01167E+13,1.10678E+13,1.34814E+13,1.57143E+13,1.67402E+13,1.81216E+13,2.1177E+13,2.32426E+13,2.04445E+13,2.09196E+13,2.31808E+13,2.23436E+13,2.33522E+13,2.36582E+13
Ecuador,ECU,24468324000,28548945000,32432858000,36591661000,41507085000,46802044000,51007777000,61762635000,62519686000,69555367000,79276664000,87924544000,95129659000,1.01726E+11
"Egypt, Arab Rep.",EGY,97632008710,87850683979,82924503943,78845185293,89685725230,1.07484E+11,1.30479E+11,1.62818E+11,1.88982E+11,2.18888E+11,2.36002E+11,2.79373E+11,2.88586E+11,3.0553E+11
Euro area,EMU,6.58788E+12,7.16796E+12,8.84393E+12,1.01445E+13,1.05291E+13,1.11796E+13,1.28736E+13,1.41131E+13,1.2905E+13,1.2641E+13,1.3622E+13,1.26419E+13,1.31933E+13,1.34789E+13
Eritrea,ERI,752368495.5,729321366.7,870247703.2,1109054005,1098425901,1211161880,1317974491,1380188800,1856695551,2117039512,2607739837,,,
Spain,ESP,6.25976E+11,7.05146E+11,9.06853E+11,1.06956E+12,1.15728E+12,1.26455E+12,1.47934E+12,1.63502E+12,1.4991E+12,1.43162E+12,1.48807E+12,1.33602E+12,1.36185E+12,1.37691E+12
Estonia,EST,6245069734,7322069511,9833870709,12059201242,14006088297,16963625016,22237061730,24194039256,19652492637,19490936349,23170239901,23043864510,25137153149,26224622451
Ethiopia,ETH,8231326016,7850809498,8623691300,10131187261,12401139454,15280861835,19707616773,27066912635,32437389116,29933790334,31952763089,43310721414,47648211133,55612228234
European Union,EUU,9.00405E+12,9.81657E+12,1.19495E+13,1.37982E+13,1.44335E+13,1.53987E+13,1.77938E+13,1.9137E+13,1.71025E+13,1.69874E+13,1.83506E+13,1.72928E+13,1.80297E+13,1.86355E+13
Fragile and conflict affected situations,FCS,1.96816E+11,1.91487E+11,2.17584E+11,2.51771E+11,3.06264E+11,3.6264E+11,4.45864E+11,5.76895E+11,5.38769E+11,6.41083E+11,7.05133E+11,8.1246E+11,8.44211E+11,8.54437E+11
Finland,FIN,1.2925E+11,1.39553E+11,1.71071E+11,1.96768E+11,2.04436E+11,2.16553E+11,2.55385E+11,2.83742E+11,2.51499E+11,2.478E+11,2.73674E+11,2.56706E+11,2.6998E+11,2.72609E+11
Fiji,FJI,1660102346,1842691481,2315935753,2727507213,3006725015,3102741451,3405050612,3523185920,2870624636,3140508836,3774530616,3972012571,4190143206,4483416340
France,FRA,1.37647E+12,1.49429E+12,1.84048E+12,2.11574E+12,2.19613E+12,2.31859E+12,2.65721E+12,2.91838E+12,2.69022E+12,2.64261E+12,2.86141E+12,2.68383E+12,2.81108E+12,2.85217E+12
Faroe Islands,FRO,1154899793,1268445919,1486861879,1683997930,1730894295,1970135199,2278229880,2413251996,2257083699,2301168187,2468754075,2356495468,2613464380,2810547884
"Micronesia, Fed. Sts.",FSM,240051900,241543400,245277400,240097000,250149400,253372300,256548100,262868600,279966700,296525300,310502100,326128700,316040600,317999400
Gabon,GAB,5018874179,5310381151,6497305662,7756293575,9578973591,10318424464,12438956756,15508574820,12065138273,14358631634,18186515200,17171468469,17590680917,18179666879
United Kingdom,GBR,1.62151E+12,1.76841E+12,2.0384E+12,2.39856E+12,2.5207E+12,2.69261E+12,3.07436E+12,2.89056E+12,2.38283E+12,2.44117E+12,2.6197E+12,2.66209E+12,2.73982E+12,3.02283E+12
Georgia,GEO,3219487747,3395739855,3991281540,5125363001,6410852596,7745406201,10172869680,12795044473,10766809099,11638536834,14434619982,15846474596,16140047012,16509305828
Ghana,GHA,5314909954,6166330136,7632406553,8881368538,10731634117,20409668522,24758819718,28526891010,25977847814,32174772956,39566292433,41939728979,47805069495,39086625009
Gibraltar,GIB,,,,,,,,,,,,,,
Guinea,GIN,2833442750,2949637039,3446442219,3666349049,2937071767,4375865936,5836261225,7009809997,6493151288,6992497899,6511123904,7504778989,8263033525,8765037367
"Gambia, The",GMB,687408804.6,578236035.1,487038821.6,578785951.4,624173239.9,655070067.7,798885556.5,965781078.2,900639534,951806368.7,898290989.9,910026155.7,898947649.5,833249466.8
Guinea-Bissau,GNB,392278168.2,415843482,476388260.6,531109356.2,586795675.4,591839470.7,695990208.4,864654795.3,826798659.8,850633309.8,1099385895,989875559.1,1045790133,1053512334
Equatorial Guinea,GNQ,1461139022,1806742742,2484745935,4410764339,8217369093,10086528699,13071718759,19749893536,15027795173,16298542028,21329395901,22389627294,21942597765,21736500713
Greece,GRC,1.36191E+11,1.53831E+11,2.01924E+11,2.40521E+11,2.47783E+11,2.73318E+11,3.18498E+11,3.54461E+11,3.3E+11,2.99362E+11,2.87798E+11,2.45671E+11,2.39862E+11,2.3703E+11
Grenada,GRD,520444185.2,540336925.9,591018407.4,599118592.6,695370296.3,698700666.7,758683592.6,825977888.9,771278111.1,771015888.9,778648666.7,799882148.1,842620111.1,911481481.5
Greenland,GRL,1086172923,1169138789,1558768614,1825157317,1849805733,2013099482,2249811709,2499107511,2529948330,2503156061,2684467376,2609667674,2669515517,2837737194
Guatemala,GTM,18702802395,20776669467,21917706491,23965275996,27211377225,30231249362,34113107086,39136893345,37733994976,41338595381,47654841113,50388454861,53851058955,58722323918
Guam,GUM,,3385000000,3560000000,3857000000,4197000000,4213000000,4375000000,4621000000,4781000000,4895000000,4928000000,5199000000,5337000000,5531000000
Guyana,GUY,696281471.7,722460886.4,741929342.8,785918769.6,824880550.3,1458449453,1740334782,1922598121,2061323854,2273225042,2576024116,2861562266,2990006534,3077086276
High income,HIC,2.76172E+13,2.86058E+13,3.20917E+13,3.57457E+13,3.78289E+13,3.99496E+13,4.37017E+13,4.64822E+13,4.3561E+13,4.57193E+13,4.9412E+13,4.94672E+13,5.00126E+13,5.10487E+13
"Hong Kong SAR, China",HKG,1.69403E+11,1.66349E+11,1.61385E+11,1.691E+11,1.8157E+11,1.93536E+11,2.11597E+11,2.1928E+11,2.14046E+11,2.28638E+11,2.48514E+11,2.62629E+11,2.75697E+11,2.91459E+11
Honduras,HND,7565869928,7775078403,8140271081,8772194250,9672035709,10841742348,12275501784,13789715133,14587496229,15839344592,17710315006,18528601901,18499710128,19756494435
Heavily indebted poor countries (HIPC),HPC,1.48158E+11,1.60932E+11,1.83271E+11,2.11132E+11,2.43511E+11,2.92277E+11,3.48313E+11,4.21087E+11,4.23618E+11,4.68988E+11,5.2401E+11,5.64382E+11,6.12899E+11,6.50445E+11
Croatia,HRV,23289671102,26878499206,34658113497,41574530816,45416358502,50453577898,60093222709,70481451449,62703143057,59829574391,62375044443,56565475275,58085856019,57629518806
Haiti,HTI,3596443005,3472191962,2960306121,3537720277,4310358096,4756204070,5885325590,6548530572,6584649419,6622541529,7516834160,7890216508,8452509316,8776350790
Hungary,HUN,53821315066,67716887203,85324771841,1.04067E+11,1.13035E+11,1.15295E+11,1.39851E+11,1.57998E+11,1.30594E+11,1.30923E+11,1.40782E+11,1.27857E+11,1.35216E+11,1.40118E+11
IBRD only,IBD,5.88508E+12,5.97462E+12,6.72758E+12,8.00347E+12,9.56701E+12,1.13389E+13,1.41113E+13,1.69473E+13,1.64499E+13,1.99772E+13,2.36254E+13,2.51108E+13,2.65485E+13,2.74178E+13
IDA & IBRD total,IBT,6.29875E+12,6.4179E+12,7.22958E+12,8.58821E+12,1.02438E+13,1.2157E+13,1.50671E+13,1.80981E+13,1.75809E+13,2.14288E+13,2.52804E+13,2.68961E+13,2.84875E+13,2.95105E+13
IDA total,IDA,4.13595E+11,4.43353E+11,5.02103E+11,5.84782E+11,6.76588E+11,8.18084E+11,9.55027E+11,1.15002E+12,1.13098E+12,1.45585E+12,1.65644E+12,1.78805E+12,1.94428E+12,2.10189E+12
IDA blend,IDB,1.69726E+11,1.84479E+11,2.10422E+11,2.54743E+11,3.00313E+11,3.8011E+11,4.34844E+11,5.19063E+11,4.8233E+11,7.10339E+11,8.15412E+11,8.9723E+11,9.73743E+11,1.05527E+12
Indonesia,IDN,1.60447E+11,1.95661E+11,2.34772E+11,2.56837E+11,2.85869E+11,3.64571E+11,4.32217E+11,5.10229E+11,5.3958E+11,7.55094E+11,8.92969E+11,9.1787E+11,9.12524E+11,8.90815E+11
IDA only,IDX,2.43589E+11,2.58527E+11,2.91259E+11,3.29367E+11,3.75393E+11,4.3659E+11,5.18734E+11,6.29698E+11,6.50409E+11,7.38243E+11,8.33523E+11,8.81149E+11,9.60195E+11,1.03522E+12
Isle of Man,IMN,1614595291,1897606791,2264911807,2758117365,2971167185,3344402193,5685988395,5827468750,5487083658,5920177689,6142169524,6433357030,6754330155,7428280402
India,IND,4.78965E+11,5.08069E+11,5.99593E+11,6.99689E+11,8.08901E+11,9.20317E+11,1.20111E+12,1.18695E+12,1.32394E+12,1.65662E+12,1.82305E+12,1.82764E+12,1.85672E+12,2.03913E+12
Not classified,INX,,,,,,,,,,,,,,
Ireland,IRL,1.09134E+11,1.27945E+11,1.64285E+11,1.9387E+11,2.11651E+11,2.32086E+11,2.69918E+11,2.7502E+11,2.36311E+11,2.21951E+11,2.39019E+11,2.25572E+11,2.39389E+11,2.58099E+11
"Iran, Islamic Rep.",IRN,1.26879E+11,1.28627E+11,1.53545E+11,1.90043E+11,2.26452E+11,2.66299E+11,3.49882E+11,4.06071E+11,4.14059E+11,4.8707E+11,5.835E+11,5.98853E+11,4.67415E+11,4.34475E+11
Iraq,IRQ,,,,36627901762,49954890353,65140293688,88840050497,1.31614E+11,1.11661E+11,1.38517E+11,1.8575E+11,2.18001E+11,2.34648E+11,2.34648E+11
Iceland,ISL,8136345144,9207689916,11316441660,13722824251,16691490114,17048647568,21319946740,17658408759,12944114736,13310567803,14732689535,14292008745,15548321544,17304033021
Israel,ISR,1.30706E+11,1.21069E+11,1.26865E+11,1.35445E+11,1.42463E+11,1.53967E+11,1.78707E+11,2.1584E+11,2.07419E+11,2.3361E+11,2.61629E+11,2.57297E+11,2.92489E+11,3.08417E+11
Italy,ITA,1.16232E+12,1.26651E+12,1.56965E+12,1.79831E+12,1.85266E+12,1.94263E+12,2.20305E+12,2.39073E+12,2.18516E+12,2.12506E+12,2.27629E+12,2.07282E+12,2.13049E+12,2.15173E+12
Jamaica,JAM,9178016493,9694169757,9399447609,10150978155,11204416000,11905525197,12824094990,13678606692,12038829246,13191645686,14439910353,14800165407,14274983016,13897723431
Jordan,JOR,8975689845,9582453032,10195660790,11411390409,12588665303,15056929760,17110587447,21972004086,23820230000,26425379437,28840263380,30937277606,33593843662,35826925775
Japan,JPN,4.30354E+12,4.11512E+12,4.44566E+12,4.81515E+12,4.75541E+12,4.53038E+12,4.51526E+12,5.03791E+12,5.23138E+12,5.7001E+12,6.15746E+12,6.20321E+12,5.15572E+12,4.85041E+12
Kazakhstan,KAZ,22152694162,24636593223,30833699703,43151647003,57123671734,81003884545,1.0485E+11,1.33442E+11,1.15309E+11,1.48047E+11,1.92627E+11,2.07999E+11,2.36635E+11,2.21416E+11
Kenya,KEN,12986007426,13147743911,14904517650,16095337094,18737897745,25825524821,31958195182,35895153328,37021512049,40000088347,41954942417,50334699324,55096730083,61448046802
Kyrgyz Republic,KGZ,1525112242,1605640633,1919012781,2211535312,2460248026,2834168889,3802566171,5139957785,4690062255,4794357795,6197766119,6605139933,7335027592,7468096567
Cambodia,KHM,3984000517,4284028483,4658246918,5337833248,6293046162,7274595707,8639235842,10351914093,10401851851,11242275199,12829541141,14054443213,15227991395,16702610842
Kiribati,KIR,63101272.37,72196457.68,90231856.8,102367039.3,112133944.3,108545632.5,130754915.9,139125482.3,130465372,153275912.7,177142135.1,188045661.6,187153601.1,178869298.7
St. Kitts and Nevis,KNA,461078078.1,483120194.3,465850739.6,502561629.6,543167666.7,636218037,674008481.5,738942555.6,723209111.1,705015370.4,753225963,734462666.7,788163888.9,847778185.2
"Korea, Rep.",KOR,5.33052E+11,6.0902E+11,6.80521E+11,7.64881E+11,8.98137E+11,1.0118E+12,1.12268E+12,1.00222E+12,9.01935E+11,1.0945E+12,1.20246E+12,1.22281E+12,1.3056E+12,1.41133E+12
Kuwait,KWT,34890772742,38137545245,47875838926,59440108585,80797945205,1.01551E+11,1.14641E+11,1.47396E+11,1.059E+11,1.15419E+11,1.54028E+11,1.7407E+11,1.74161E+11,1.62631E+11
Latin America & Caribbean (excluding high income),LAC,1.7637E+12,1.71034E+12,1.71277E+12,1.95234E+12,2.37547E+12,2.78873E+12,3.29578E+12,3.83267E+12,3.59562E+12,4.47479E+12,5.04701E+12,5.06611E+12,5.18532E+12,5.34427E+12
Lao PDR,LAO,1768619058,1758176653,2023324407,2366398120,2735558726,3452882514,4222962988,5443915121,5832915387,7127792630,8749241114,10191350120,11942230508,13268458232
Lebanon,LBN,17649751244,19152238806,20082918740,20955223881,21287562189,21796351575,24577114428,29227350570,35477118070,38419626628,40075674163,43868565282,46014226808,47833413749
Liberia,LBR,521000000,543000000,416000000,474700000,550000000,604028900,739027200,850040500,1155147400,1292697100,1545400000,1735500000,1946500000,2013000000
Libya,LBY,34110064452,20481889764,26265625000,33122307692,47334148578,54961936663,67516236338,87140405361,63028320702,74773444901,34699395524,81873662519,65502870174,41142722414
St. Lucia,LCA,743808076,748346605.9,823837141.1,893107210.8,951207366,1134193630,1277494148,1282215407,1262973407,1381968259,1437684815,1436803333,1489928889,1551921037
Latin America & Caribbean,LCN,2.23749E+12,2.00755E+12,2.05086E+12,2.3632E+12,2.85851E+12,3.34919E+12,3.94513E+12,4.58423E+12,4.30689E+12,5.34099E+12,6.0733E+12,6.13423E+12,6.28395E+12,6.40466E+12
Least developed countries: UN classification,LDC,1.94103E+11,2.09535E+11,2.37211E+11,2.72973E+11,3.20116E+11,3.76779E+11,4.58485E+11,5.71465E+11,5.82962E+11,6.61535E+11,7.57956E+11,8.05122E+11,8.74604E+11,9.44664E+11
Low income,LIC,1.33035E+11,1.42496E+11,1.54737E+11,1.77432E+11,2.05513E+11,2.3198E+11,2.76756E+11,3.36094E+11,3.52981E+11,3.84821E+11,4.36772E+11,4.73082E+11,5.16219E+11,5.54429E+11
Liechtenstein,LIE,2491822707,2688630823,3070691320,3454362686,3659251526,4000239273,4601299567,5081432924,4504549214,5082366478,5739977477,5456009385,6391735894,6657170923
Sri Lanka,LKA,15749753805,16536535647,18881765437,20662525941,24405791045,28267410543,32351184234,40715240469,42067974595,56728002830,65289915890,68436230408,74294206491,79359306576
Lower middle income,LMC,1.28147E+12,1.3764E+12,1.58398E+12,1.81225E+12,2.09123E+12,2.49327E+12,3.07462E+12,3.45189E+12,3.5423E+12,4.49146E+12,5.08511E+12,5.32824E+12,5.55166E+12,5.84097E+12
Low & middle income,LMY,5.74055E+12,6.02931E+12,6.7804E+12,8.03216E+12,9.57311E+12,1.13818E+13,1.41222E+13,1.69463E+13,1.65746E+13,2.02418E+13,2.38938E+13,2.55103E+13,2.70528E+13,2.80987E+13
Lesotho,LSO,825706961.2,775780697.7,1157832935,1511236656,1682350935,1800105590,1820811281,1870722801,1865963015,2385950664,2788022889,2678494689,2526020566,2614576996
Late-demographic dividend,LTE,3.5166E+12,3.72455E+12,4.24698E+12,5.10547E+12,6.16385E+12,7.43892E+12,9.37277E+12,1.1653E+13,1.12651E+13,1.35146E+13,1.64812E+13,1.76319E+13,1.90131E+13,1.97E+13
Lithuania,LTU,12252498921,14278357284,18802576988,22649930576,26125575942,30216060233,39738180077,47850551149,37440673478,37120517694,43476873413,42848195256,46417340375,48516371721
Luxembourg,LUX,21272418792,23616328816,29557325056,34685281848,37347394603,42414308117,50888134410,55849686539,51370543206,53212476812,60004630234,56677961787,61739352212,66327344189
Latvia,LVA,8350252966,9546441564,11748433157,14373269156,16922504045,21447021570,30901399261,35596016664,26169854045,23757368290,28223552825,28119996053,30254677297,31335013752
"Macao SAR, China",MAC,6811227983,7322677820,8195033162,10585624891,12092222042,14789661809,18340447243,20917444920,21475520709,28123640999,36709860068,43031577366,51552075902,55347998648
St. Martin (French part),MAF,,,,,,,,,,,,,,
Morocco,MAR,39459581217,42236836821,52064058834,59626020162,62343022651,68640825481,79041294874,92507257784,92897320376,93216746662,1.0137E+11,98266306615,1.06826E+11,1.09881E+11
Monaco,MCO,2671401083,2905973022,3588988601,4110348444,4280072626,4663488363,5974371696,6919241412,5557245122,5350674803,6074884389,,,
Moldova,MDA,1480656884,1661818168,1980901554,2598231467,2988338439,3408272498,4401154128,6054806101,5439422031,5811604052,7015206498,7284686576,7985349731,7983271111
Madagascar,MDG,4529575348,4397254608,5474030080,4363934494,5039293031,5515884349,7342923489,9413002921,8550363975,8729936136,9892702358,9919780071,10601690872,10673516673
Maldives,MDV,870179738.6,897031250,1052121055,1226829563,1163362438,1575200391,1868383461,2271646188,2345294875,2588176055,2774351760,2886170572,3295011382,3697351597
Middle East & North Africa,MEA,9.70616E+11,9.6682E+11,1.0891E+12,1.27121E+12,1.53014E+12,1.79094E+12,2.12332E+12,2.6477E+12,2.36823E+12,2.76787E+12,3.28215E+12,3.57507E+12,3.55243E+12,3.56676E+12
Mexico,MEX,7.56706E+11,7.72106E+11,7.29336E+11,7.82241E+11,8.77476E+11,9.75387E+11,1.0527E+12,1.10999E+12,9.00045E+11,1.0578E+12,1.18049E+12,1.20109E+12,1.27444E+12,1.31439E+12
Marshall Islands,MHL,115152100,124735100,126887600,131334600,137928600,143930000,150776500,152788700,152617500,164969100,173260300,185210500,190800800,183121300
Middle income,MIC,5.60898E+12,5.88856E+12,6.62721E+12,7.85613E+12,9.3688E+12,1.11503E+13,1.38451E+13,1.66107E+13,1.62276E+13,1.98539E+13,2.34504E+13,2.50315E+13,2.65334E+13,2.75445E+13
"Macedonia, FYR",MKD,3709637830,4018365247,4946292775,5682719260,6258600714,6861222332,8336478142,9909548411,9401731496,9407168702,10494632699,9745251126,10817712139,11362272838
Mali,MLI,3465305993,3889758024,4703504467,5444474268,6245031690,6899799786,8145694632,9750822511,10181021770,10678749467,12978107561,12442747897,13246412031,14388360064
Malta,MLT,4331870648,4689832690,5456583589,6062780269,6394851387,6757119558,7880509171,8977149553,8528202278,8741059603,9507645260,9209559296,10145114180,11234045376
Myanmar,MMR,6477790688,6777632512,10467109978,10567354056,11986972419,14502553710,20182477481,31862554102,36906181381,49540813342,59977326086,59937797559,60269734045,65446402659
Middle East & North Africa (excluding high income),MNA,4.67356E+11,4.53678E+11,5.11781E+11,5.9292E+11,6.9842E+11,8.11375E+11,1.00283E+12,1.23537E+12,1.1959E+12,1.38352E+12,1.56852E+12,1.72826E+12,1.6232E+12,1.59741E+12
Montenegro,MNE,1159869246,1284685051,1707710053,2073234418,2257174481,2721904403,3680710375,4545674528,4159330370,4139192053,4538198499,4087724528,4464261816,4587926231
Mongolia,MNG,1267997934,1396555720,1595297356,1992066808,2523471532,3414055566,4234999823,5623216449,4583850368,7189481824,10409797649,12292770631,12582122604,12226514722
Northern Mariana Islands,MNP,,1284000000,1239000000,1210000000,1061000000,990000000,938000000,939000000,795000000,799000000,733000000,751000000,784000000,845000000
Mozambique,MOZ,4766928747,5031510909,5597367853,6831808930,7723846195,8312078525,9366742309,11494837053,10911698208,10154238250,13131168012,14534278446,16018848991,16961117243
Mauritania,MRT,1295539448,1324426607,1563074860,1833444740,2184445123,3040716679,3356757064,3978425881,3670515288,4343665075,5179690136,5225533500,5724227185,5391475277
Mauritius,MUS,4536538211,4767303154,5609831328,6385695187,6283803256,7028803366,8150138757,9990370016,9128843109,10003670690,11518393367,11668685524,12129642296,12803445934
Malawi,MWI,1716502862,3495748398,3208837077,3476094499,3655909664,3997852636,4432192844,5320925102,6190991712,6959697194,8003300198,6028470989,5518901971,6054750320
Malaysia,MYS,92783947368,1.00845E+11,1.10202E+11,1.2475E+11,1.43534E+11,1.62691E+11,1.93548E+11,2.30814E+11,2.02258E+11,2.55017E+11,2.97952E+11,3.14443E+11,3.23277E+11,3.38062E+11
North America,NAC,1.13619E+13,1.17394E+13,1.24072E+13,1.33026E+13,1.4268E+13,1.51767E+13,1.59485E+13,1.62738E+13,1.57957E+13,1.65836E+13,1.73121E+13,1.79851E+13,1.85397E+13,1.92327E+13
Namibia,NAM,3546783708,3361251198,4931312147,6606858786,7261333795,7978734402,8740865600,8486721917,8876191121,11282192605,12409629836,13016272899,12717790505,12786078008
New Caledonia,NCL,,,,,,,,,,,,,,
Niger,NER,1945327565,2170481509,2731416346,3052898739,3405134832,3646728060,4291363391,5403363917,5397121856,5718589799,6409169890,6942209336,7667949964,8229732168
Nigeria,NGA,44137994252,59116847822,67655813930,87845420504,1.12248E+11,1.4543E+11,1.66451E+11,2.08065E+11,1.69481E+11,3.69062E+11,4.11744E+11,4.60954E+11,5.14966E+11,5.68499E+11
Nicaragua,NIC,5323146566,5224213018,5322454926,5795568205,6321335612,6763671611,7423377429,8496965842,8298695145,8758622329,9774316692,10532001130,10982972256,11880438824
Netherlands,NLD,4.26574E+11,4.65369E+11,5.71863E+11,6.50533E+11,6.78534E+11,7.26649E+11,8.3942E+11,9.36228E+11,8.57933E+11,8.3639E+11,8.93757E+11,8.28947E+11,8.6668E+11,8.79635E+11
Norway,NOR,1.74003E+11,1.95418E+11,2.28752E+11,2.64357E+11,3.08722E+11,3.45425E+11,4.01083E+11,4.62554E+11,3.86622E+11,4.29131E+11,4.98832E+11,5.10229E+11,5.23502E+11,4.99339E+11
Nepal,NPL,6007061224,6050875807,6330473097,7273938315,8130258041,9043715356,10325618017,12545438605,12854985464,16002656434,18913574371,18851513891,19271168018,20002968838
Nauru,NRU,,,,,,,20432742.11,39333572.32,44290951.93,49248810.57,72751801.05,103811958.8,108601538.5,117020381.9
New Zealand,NZL,53872425917,66627729311,88250885550,1.03905E+11,1.14719E+11,1.11609E+11,1.37316E+11,1.3328E+11,1.21339E+11,1.46584E+11,1.68462E+11,1.76193E+11,1.90785E+11,2.00955E+11
OECD members,OED,2.71451E+13,2.83248E+13,3.17156E+13,3.52962E+13,3.73099E+13,3.93339E+13,4.29946E+13,4.55119E+13,4.25799E+13,4.46102E+13,4.79353E+13,4.78508E+13,4.8427E+13,4.94365E+13
Oman,OMN,19452015605,20142782835,21633810143,24763589077,31081924577,37215864759,42085305592,60905331599,48388296489,58642392718,67937581274,76689206762,78938881664,81076723017
Other small states,OSS,91131313889,98282956417,1.21784E+11,1.51393E+11,1.84287E+11,2.17287E+11,2.65448E+11,3.25405E+11,2.78728E+11,3.23946E+11,4.00506E+11,4.1881E+11,4.35102E+11,4.47242E+11
Pakistan,PAK,72309738921,72306820396,83244801093,97977766198,1.09502E+11,1.37264E+11,1.52386E+11,1.70078E+11,1.68153E+11,1.77407E+11,2.13587E+11,2.24384E+11,2.31219E+11,2.44361E+11
Panama,PAN,12502013400,12994310400,13693981200,15013381700,16374393900,18141666300,21295984200,25155888600,27116635600,29440287600,34686224300,40429734400,45599994000,49921464400
Peru,PER,52030158775,54777553515,58731030122,66768703498,76060606061,88643193062,1.02171E+11,1.20551E+11,1.20823E+11,1.47529E+11,1.71762E+11,1.92649E+11,2.01218E+11,2.01081E+11
Philippines,PHL,76262072468,81357605642,83908206648,91371242496,1.03072E+11,1.22211E+11,1.4936E+11,1.74195E+11,1.68335E+11,1.99591E+11,2.24143E+11,2.50092E+11,2.71836E+11,2.84585E+11
Palau,PLW,155441800,161958700,152771900,164166000,184683500,188044800,193119700,196845300,182679900,182843800,193208100,214597500,225269300,245560300
Papua New Guinea,PNG,3081024212,2999511040,3536411824,3927157867,4865892972,8306343442,9545071325,11670678864,11619541940,14250726290,17984816533,21295834133,21261305413,23060047128
Poland,POL,1.90521E+11,1.98681E+11,2.17513E+11,2.55102E+11,3.06125E+11,3.44749E+11,4.29064E+11,5.33816E+11,4.39796E+11,4.79321E+11,5.28832E+11,5.00361E+11,5.24234E+11,5.4518E+11
Pre-demographic dividend,PRE,2.00128E+11,2.36133E+11,2.73152E+11,3.32155E+11,4.11438E+11,5.15552E+11,6.31178E+11,8.07316E+11,7.31989E+11,1.01135E+12,1.17223E+12,1.28852E+12,1.41049E+12,1.50351E+12
Puerto Rico,PRI,69208400000,71623500000,74827400000,80322313000,83914521300,87276164400,89524131600,93639316000,96385638000,98381268000,1.00352E+11,1.01565E+11,1.0245E+11,1.02446E+11
"Korea, Dem. People’s Rep.",PRK,,,,,,,,,,,,,,
Portugal,PRT,1.21546E+11,1.34229E+11,1.64964E+11,1.89187E+11,1.97305E+11,2.08567E+11,2.40169E+11,2.62008E+11,2.43746E+11,2.38303E+11,2.44895E+11,2.16368E+11,2.26073E+11,2.2963E+11
Paraguay,PRY,7662595076,6325151760,6588103836,8033877360,8734653809,10646157920,13794910634,18504130753,15929902138,20030528043,25099681461,24595319574,28965906502,30881166852
West Bank and Gaza,PSE,4003700000,3555800000,3968000000,4329200000,4831800000,4910100000,5505800000,6673500000,7268200000,8913100000,10465400000,11279400000,12476000000,12715600000
Pacific island small states,PSS,3371103515,3545578158,4151877953,4792908297,5264858279,5536876353,6077329195,6554307187,5774704218,6413682686,7627779125,8146587825,8442587805,8798000775
Post-demographic dividend,PST,2.60445E+13,2.71646E+13,3.04733E+13,3.3859E+13,3.56413E+13,3.74878E+13,4.08843E+13,4.31963E+13,4.06719E+13,4.24109E+13,4.55285E+13,4.5463E+13,4.58602E+13,4.67897E+13
French Polynesia,PYF,,,,,,,,,,,,,,
Qatar,QAT,17538461538,19363736264,23533791209,31734065934,44530494505,60882142857,79712087912,1.1527E+11,97798351648,1.25122E+11,1.67775E+11,1.86834E+11,1.98728E+11,2.06225E+11
Romania,ROU,40716836998,46174557556,59867801205,76216441462,99697566668,1.23533E+11,1.75934E+11,2.13605E+11,1.72612E+11,1.66658E+11,1.84367E+11,1.71665E+11,1.91549E+11,1.99493E+11
Russian Federation,RUS,3.06603E+11,3.4511E+11,4.30348E+11,5.91017E+11,7.64017E+11,9.89931E+11,1.29971E+12,1.66084E+12,1.22264E+12,1.52492E+12,2.05166E+12,2.21026E+12,2.29713E+12,2.06366E+12
Rwanda,RWA,1674685248,1677552332,1846198771,2088961969,2581313486,3152324689,3824788145,4860093843,5378925895,5773084568,6563320570,7334917697,7621923308,8016591928
South Asia,SAS,6.30832E+11,6.6325E+11,7.74467E+11,8.97927E+11,1.02864E+12,1.17624E+12,1.48869E+12,1.51564E+12,1.66559E+12,2.04214E+12,2.272E+12,2.29791E+12,2.35685E+12,2.58199E+12
Saudi Arabia,SAU,1.84137E+11,1.89606E+11,2.15808E+11,2.58742E+11,3.2846E+11,3.769E+11,4.15965E+11,5.19797E+11,4.29098E+11,5.28207E+11,6.71239E+11,7.35975E+11,7.46647E+11,7.5635E+11
Sudan,SDN,13182979784,14803189093,17646503525,21457470203,26524538566,35822408612,45898948564,54526580232,53150209168,65634109237,67327289320,68125631150,72065940086,82151588419
Senegal,SEN,4877602060,5333862371,6858952880,8031344381,8707015771,9358710935,11284603071,13439023281,12814961485,12948906289,14390776644,14225310519,14851057085,15304363138
Singapore,SGP,89286208629,91941192896,97001377569,1.14189E+11,1.27418E+11,1.47797E+11,1.79981E+11,1.92226E+11,1.92408E+11,2.36422E+11,2.75967E+11,2.90674E+11,3.04454E+11,3.11539E+11
Solomon Islands,SLB,400463452.1,341661643.6,332738245.9,375111894.9,413909879.3,456705434,516074229,608293860.3,597765363.1,681151190,932725578.8,1063879451,1129787202,1172268296
Sierra Leone,SLE,1090467712,1253340520,1385810072,1448536631,1650494367,1885112202,2158496873,2505458705,2453899847,2578026297,2942546781,3801862611,4920343195,5015157816
El Salvador,SLV,12282533600,12664190300,13243892200,13724810900,14698001400,15999886400,17011750900,17986886200,17601616000,18447922400,20283783700,21386153000,21977401900,22585841200
San Marino,SMR,1160626398,1253529080,1600451467,1877328036,1958711603,2092585623,2488365727,2752307016,2363156432,2139072848,2054489853,1800077091,1865374403,1845561895
Somalia,SOM,,,,,,,,,,,,,6486974549,6568443573
Serbia,SRB,12267175481,16116843146,21188704081,24861483281,26252007830,30607991862,40289556656,49259526053,42616653300,39460357731,46466728667,40742313861,45519650911,44210806366
Sub-Saharan Africa (excluding high income),SSA,3.41013E+11,3.65513E+11,4.66828E+11,5.81412E+11,6.82877E+11,7.9966E+11,9.3026E+11,1.0649E+12,1.02231E+12,1.36331E+12,1.53739E+12,1.61227E+12,1.70144E+12,1.78251E+12
South Sudan,SSD,,,,,,,,,,,17273335564,11266779661,14940338983,15099661017
Sub-Saharan Africa,SSF,3.41639E+11,3.66214E+11,4.67538E+11,5.82255E+11,6.838E+11,8.0068E+11,9.31297E+11,1.06587E+12,1.02316E+12,1.36427E+12,1.53845E+12,1.61333E+12,1.70277E+12,1.78385E+12
Small states,SST,1.29567E+11,1.38698E+11,1.65354E+11,1.99322E+11,2.38335E+11,2.7744E+11,3.32196E+11,4.00835E+11,3.42552E+11,3.93491E+11,4.76513E+11,4.97533E+11,5.14924E+11,5.28565E+11
Sao Tome and Principe,STP,71630592.22,79863374.95,95544010.78,104486043.5,125146438.7,133324919,144616696.8,188021168.8,187821029,197454053.1,233213522.6,252560557.1,302925489.7,348941656.8
Suriname,SUR,763465550.5,1078402128,1271196078,1484092538,1793754805,2626380435,2936612022,3532969035,3875409836,4368398048,4422276622,4980000000,5145757576,5240606061
Slovak Republic,SVK,30703017450,35083608131,46731767494,57240535138,62697540107,70596729394,86304245825,1.00325E+11,88945625174,89501012916,98181259740,93413992956,98478349315,1.00948E+11
Slovenia,SVN,20875387068,23563576758,29697448108,34470227454,36346974008,39587732029,48114688201,55589849128,50244793832,48013606745,51290792018,46352802766,48116256926,49904928335
Sweden,SWE,2.39917E+11,2.63926E+11,3.31109E+11,3.81705E+11,3.89042E+11,4.20032E+11,4.87816E+11,5.13966E+11,4.29657E+11,4.88378E+11,5.6311E+11,5.43881E+11,5.78742E+11,5.73818E+11
Swaziland,SWZ,1542477309,1432228125,2197612701,2770082792,3178126492,3291353836,3469363996,3294093485,3580417067,4438778424,4820499924,4823831657,4560713074,4377293816
Sint Maarten (Dutch part),SXM,,,,,,,,,,,,,,
Seychelles,SYC,622262057.2,697518248.2,705704816,839319927.3,919103254.5,1016418229,1033561654,967199594,847397850.1,969936525.3,1065826670,1059498884,1328091524,1342997306
Syrian Arab Republic,SYR,21099833784,21582248882,21828144686,25086930693,28858965517,33332844575,40405006007,,,,,,,
Turks and Caicos Islands,TCA,,,,,,,,,,,,,,
Chad,TCD,1709347793,1987622279,2736666516,4414929220,6646663561,7422102656,8638711443,10351932604,9253484108,10657705536,12156380425,12368071039,12949854263,13922223234
East Asia & Pacific (IDA & IBRD countries),TEA,1.84234E+12,2.03905E+12,2.30798E+12,2.67669E+12,3.10087E+12,3.73488E+12,4.72345E+12,5.97985E+12,6.48617E+12,7.86712E+12,9.61724E+12,1.07289E+13,1.18418E+13,1.27329E+13
Europe & Central Asia (IDA & IBRD countries),TEC,9.07525E+11,1.01903E+12,1.25494E+12,1.62257E+12,2.0324E+12,2.45892E+12,3.16077E+12,3.91157E+12,3.10023E+12,3.63443E+12,4.41986E+12,4.61148E+12,4.89378E+12,4.62459E+12
Togo,TGO,1332328999,1474630207,1673690430,1937074572,2115154262,2202809251,2523462557,3163416242,3163000529,3172945645,3756023160,3866618282,4080929201,4482880424
Thailand,THA,1.20297E+11,1.34301E+11,1.52281E+11,1.72895E+11,1.89318E+11,2.21758E+11,2.62943E+11,2.91383E+11,2.8171E+11,3.41105E+11,3.70819E+11,3.97558E+11,4.20333E+11,4.07339E+11
Tajikistan,TJK,1080774007,1221113780,1554125531,2076148696,2312319579,2830236054,3719497371,5161336170,4979481980,5642178580,6522732203,7633049792,8506674783,9236309138
Turkmenistan,TKM,3534803922,4461978499,5977560877,6838351088,8104355717,10277598152,12664165103,19271523179,20214385965,22583157895,29233333333,35164210526,39197543860,43524210526
Latin America & the Caribbean (IDA & IBRD countries),TLA,2.11518E+12,1.88112E+12,1.91847E+12,2.22141E+12,2.70581E+12,3.18122E+12,3.76665E+12,4.39856E+12,4.11881E+12,5.14637E+12,5.87041E+12,5.92533E+12,6.07027E+12,6.187E+12
Timor-Leste,TLS,517685310,510739436.3,543358124.6,1078398152,1813734851,2657852897,2881025963,4391333476,3199550317,3998696649,5681940845,6671047974,5649813361,4045377828
Middle East & North Africa (IDA & IBRD countries),TMN,4.63334E+11,4.50128E+11,5.07822E+11,5.8862E+11,6.93624E+11,8.06509E+11,9.97382E+11,1.22877E+12,1.18867E+12,1.37462E+12,1.55806E+12,1.717E+12,1.61066E+12,1.5846E+12
Tonga,TON,181244788.5,182737040.1,202543202,229358214.8,262176133.7,294137737.1,300143056.9,349484427.6,318166562.8,369485198.8,423011844.3,472358251.2,450686353.7,443911052.3
South Asia (IDA & IBRD),TSA,6.30832E+11,6.6325E+11,7.74467E+11,8.97927E+11,1.02864E+12,1.17624E+12,1.48869E+12,1.51564E+12,1.66559E+12,2.04214E+12,2.272E+12,2.29791E+12,2.35685E+12,2.58199E+12
Sub-Saharan Africa (IDA & IBRD countries),TSS,3.41639E+11,3.66214E+11,4.67538E+11,5.82255E+11,6.838E+11,8.0068E+11,9.31297E+11,1.06587E+12,1.02316E+12,1.36427E+12,1.53845E+12,1.61333E+12,1.70277E+12,1.78385E+12
Trinidad and Tobago,TTO,8824873259,9008273721,11305459802,13280275123,15982282462,18369070085,21642304046,27870257894,19175196446,22157948396,25433011405,25622915889,26578524198,27199856454
Tunisia,TUN,22066101341,23142294436,27453084983,31183139301,32273007554,34378437265,38908069299,44856586316,43454935940,44050929160,45810626509,45044112939,46251061734,47587913059
Turkey,TUR,2.00252E+11,2.38428E+11,3.11823E+11,4.04787E+11,5.01416E+11,5.52487E+11,6.7577E+11,7.64336E+11,6.4464E+11,7.71902E+11,8.32524E+11,8.73982E+11,9.50579E+11,9.34186E+11
Tuvalu,TUV,13196544.95,15450994.24,18231078.54,21534931.61,21839098.89,22902861.45,27030374.03,30290219.76,27101076.28,31823518.62,38711827.75,37671734.83,37509122.07,37290587.5
Tanzania,TZA,10383560603,10805599893,11659129889,12825801581,16929976600,18610460327,21501741757,27368386358,28573777052,31407908612,33878631649,39087748240,44413616116,48219734752
Uganda,UGA,5840503869,6178563591,6336696289,7940362799,9013834373,9942597780,12292813603,14239026630,18168902154,20186496527,20176025418,23114293019,24599550742,27291880327
Ukraine,UKR,38009344577,42392896031,50132953288,64883060726,86142018069,1.07753E+11,1.42719E+11,1.79992E+11,1.17228E+11,1.36013E+11,1.6316E+11,1.75781E+11,1.8331E+11,1.33503E+11
Upper middle income,UMC,4.32758E+12,4.51205E+12,5.04289E+12,6.04387E+12,7.27757E+12,8.65703E+12,1.07705E+13,1.31589E+13,1.26853E+13,1.53624E+13,1.83653E+13,1.97033E+13,2.09818E+13,2.17035E+13
Uruguay,URY,20898788417,13606494599,12045631093,13686329890,17362857684,19579457966,23410572634,30366213119,31660911277,40284481652,47962439304,51264390116,57531233351,57236013086
United States,USA,1.06218E+13,1.09775E+13,1.15107E+13,1.22749E+13,1.30937E+13,1.38559E+13,1.44776E+13,1.47186E+13,1.44187E+13,1.49644E+13,1.55179E+13,1.61553E+13,1.66915E+13,1.74276E+13
Uzbekistan,UZB,11401351420,9687951055,10128112401,12030023548,14307509839,17330833853,22311393928,29549438884,33689223673,39332770929,45915191189,51821573338,57690453461,63067077179
St. Vincent and the Grenadines,VCT,430040370.4,461883444.4,481806296.3,521975111.1,550728666.7,610930037,651833333.3,695428851.9,674922481.5,681225963,676129407.4,692933740.7,721207148.1,725185185.2
"Venezuela, RB",VEN,1.22904E+11,92893587734,83620628582,1.12453E+11,1.4551E+11,1.83478E+11,2.30364E+11,3.15953E+11,3.29788E+11,3.93192E+11,3.16482E+11,3.81286E+11,3.71005E+11,4.82359E+11
British Virgin Islands,VGB,,,,,,,,,,,,,,
Virgin Islands (U.S.),VIR,,3269000000,3453000000,3799000000,4439000000,4504000000,4803000000,4250000000,4203000000,4339000000,4239000000,4095000000,3764000000,3624000000
Vietnam,VNM,32685198735,35064105501,39552513316,45427854693,57633255618,66371664817,77414425532,99130304099,1.06015E+11,1.15932E+11,1.35539E+11,1.5582E+11,1.71222E+11,1.86205E+11
Vanuatu,VUT,257926881.7,262603781.8,314463144,364996869.1,394962552.3,439376794.1,526428309.9,607958616.1,610066628.7,700804286.2,792149700.7,781702874.1,801787555.9,814954307
World,WLD,3.33674E+13,3.46448E+13,3.88829E+13,4.37877E+13,4.74118E+13,5.1341E+13,5.78333E+13,6.34335E+13,6.01384E+13,6.59567E+13,7.32973E+13,7.49656E+13,7.70506E+13,7.91314E+13
Samoa,WSM,273088357.2,288078881.4,338838639.4,420320176.4,462649043,508503671.3,550970655.5,644132488.9,560959527.8,643046733.4,739785121.9,801168622.3,804808525.5,803589511.8
Kosovo,XKX,2535333632,2702427047,3355083117,3639935348,3736599925,4078158324,4833561456,5687488209,5653792720,5829933775,6686683347,6500192728,7073420074,7386891336
"Yemen, Rep.",YEM,9854042165,10693278292,11777768087,13873500888,16753769532,19081722875,21656517484,26910851362,25130274124,30906748941,32726417212,35401325144,40415235702,43228582065
South Africa,ZAF,1.21601E+11,1.15748E+11,1.75257E+11,2.28937E+11,2.57671E+11,2.71811E+11,2.99034E+11,2.871E+11,2.97217E+11,3.75298E+11,4.16878E+11,3.96333E+11,3.66829E+11,3.50905E+11
Zambia,ZMB,4094480988,4193845678,4901839731,6221077675,8331870169,12756858899,14056957976,17910858638,15328342304,20265556274,23460098340,25503370699,28045460442,27150630607
Zimbabwe,ZWE,6777384700,6342116400,5727591800,5805598400,5755215200,5443896500,5291950100,4415702800,8621573600,10141859700,12098450700,14242490300,15451768700,15891049200
